{
    "Subcommands for managing projects": {
        "new": "-- create a new project in your local ML inference framework",
        "switch": "-- switch to another project",
        "list": "-- Display a list of all projects within the framework.",
        "current": "-- Display the project the user is working on",
		    "status": "-- show current project status",
        "help": "-- Will display this menu"
      },

    "Subcommands for the working project": {
        "initialize": "-- set up conda env & jupyter kernel; install packages defined in requirements.txt",
        "test": "-- pytest application.py",
        "modelregister": "-- Log and Register model",        
        "imagebuild": "-- Prepare Dockerfile & Build Image",
        "imagescan": "-- Local Image Testing & Vulnerability Scan",
        "commit": "-- Commit the current project to github to trigger the image build CI/CD pipeline",
        "cleanup": "-- delete conda env and jupyter kernel; the project artifacts will be kept"                               
      }
}
